{
  "Group_1": {
    "si_sdr": 4.134015427060394,
    "stoi": 0.7814649287781842
  },
  "Group_2": {
    "si_sdr": 4.26355788361846,
    "stoi": 0.7894831613850987
  },
  "Group_3": {
    "si_sdr": 4.591632996596463,
    "stoi": 0.8005810462605094
  },
  "Group_4": {
    "si_sdr": 4.921188205044429,
    "stoi": 0.806999910278082
  },
  "Group_5": {
    "si_sdr": 5.160102394837151,
    "stoi": 0.8152951705715644
  },
  "Group_6": {
    "si_sdr": 5.400510694847732,
    "stoi": 0.8215054842888475
  },
  "Group_7": {
    "si_sdr": 5.325584135741321,
    "stoi": 0.8257379713298418
  },
  "Group_8": {
    "si_sdr": 4.757244428642286,
    "stoi": 0.8163145081293504
  },
  "Group_9": {
    "si_sdr": 5.343660951735223,
    "stoi": 0.8278344383290365
  },
  "Group_10": {
    "si_sdr": 5.769088242923875,
    "stoi": 0.8409688922554088
  },
  "Group_11": {
    "si_sdr": 5.5286699349057,
    "stoi": 0.8312655732736008
  },
  "Group_12": {
    "si_sdr": 5.363860543694999,
    "stoi": 0.8250571031782302
  },
  "Group_13": {
    "si_sdr": 4.955454597410078,
    "stoi": 0.8122997298144656
  },
  "Group_14": {
    "si_sdr": 4.780048848372032,
    "stoi": 0.805332753880068
  },
  "Group_15": {
    "si_sdr": 4.736689536828815,
    "stoi": 0.8031500302688362
  },
  "Overall_Average": {
    "si_sdr": 5.002087254817265,
    "stoi": 0.813552713468075
  }
}