{
  "Group_1": {
    "si_sdr": 6.272393550491244,
    "stoi": 0.8374346054313568
  },
  "Group_2": {
    "si_sdr": 5.827505312969387,
    "stoi": 0.8313783323633408
  },
  "Group_3": {
    "si_sdr": 5.037760246351038,
    "stoi": 0.8205297756086265
  },
  "Group_4": {
    "si_sdr": 4.561945554384452,
    "stoi": 0.8054193360692132
  },
  "Group_5": {
    "si_sdr": 3.300950930877466,
    "stoi": 0.7830078786134274
  },
  "Group_6": {
    "si_sdr": 2.409673644567668,
    "stoi": 0.7630521876031474
  },
  "Group_7": {
    "si_sdr": 1.7271366461033146,
    "stoi": 0.7551324285508545
  },
  "Group_8": {
    "si_sdr": 1.5249981315004237,
    "stoi": 0.7478335713766767
  },
  "Group_9": {
    "si_sdr": 1.6065037479106397,
    "stoi": 0.7493018258328236
  },
  "Group_10": {
    "si_sdr": 2.328455294918899,
    "stoi": 0.7660901283473666
  },
  "Group_11": {
    "si_sdr": 3.052609680571945,
    "stoi": 0.7799132152348678
  },
  "Group_12": {
    "si_sdr": 3.961682408451249,
    "stoi": 0.7994299915155226
  },
  "Group_13": {
    "si_sdr": 4.725084938595888,
    "stoi": 0.8110143918475715
  },
  "Group_14": {
    "si_sdr": 5.349670340653077,
    "stoi": 0.824115633620175
  },
  "Group_15": {
    "si_sdr": 6.025092734165228,
    "stoi": 0.8355841101011987
  },
  "Overall_Average": {
    "si_sdr": 3.8474308775007944,
    "stoi": 0.7939491608077447
  }
}