{
    "group_1": {
        "input_si_sdr": 11.126064465641976,
        "si_sdr": 22.088513708114625,
        "si_sdr_imp": 10.96244924247265,
        "input_sar": 11.256660643190365,
        "sar": 22.489597891930426,
        "sar_imp": 11.23293724874006,
        "input_sir": Infinity,
        "sir": Infinity,
        "sir_imp": NaN,
        "input_stoi": 0.8899726467670293,
        "stoi": 0.9791882627256439,
        "stoi_imp": 0.08921561595861469,
        "input_pesq": 2.2870609003305433,
        "pesq": 3.8236081314086916,
        "pesq_imp": 1.5365472310781478
    },
    "group_2": {
        "input_si_sdr": 10.96654588595964,
        "si_sdr": 21.892240717411042,
        "si_sdr_imp": 10.925694831451402,
        "input_sar": 11.090867206713655,
        "sar": 22.33019125603276,
        "sar_imp": 11.2393240493191,
        "input_sir": Infinity,
        "sir": Infinity,
        "sir_imp": NaN,
        "input_stoi": 0.8855389967273907,
        "stoi": 0.9739065446743298,
        "stoi_imp": 0.08836754794693918,
        "input_pesq": 2.2904778987169268,
        "pesq": 3.830023547410965,
        "pesq_imp": 1.5395456486940384
    },
    "group_3": {
        "input_si_sdr": 10.785488083139063,
        "si_sdr": 22.075869216918946,
        "si_sdr_imp": 11.290381133779883,
        "input_sar": 10.91233297654653,
        "sar": 22.4711379001998,
        "sar_imp": 11.558804923653275,
        "input_sir": Infinity,
        "sir": Infinity,
        "sir_imp": NaN,
        "input_stoi": 0.8854108175628937,
        "stoi": 0.9799851354518819,
        "stoi_imp": 0.09457431788898812,
        "input_pesq": 2.2345070257782935,
        "pesq": 3.830930702090263,
        "pesq_imp": 1.5964236763119697
    },
    "group_4": {
        "input_si_sdr": 10.761979445386679,
        "si_sdr": 22.265819840431213,
        "si_sdr_imp": 11.503840395044536,
        "input_sar": 10.889367337474875,
        "sar": 22.640271224052256,
        "sar_imp": 11.75090388657738,
        "input_sir": Infinity,
        "sir": Infinity,
        "sir_imp": NaN,
        "input_stoi": 0.8850130542896246,
        "stoi": 0.9800526674293829,
        "stoi_imp": 0.09503961313975828,
        "input_pesq": 2.230833174884319,
        "pesq": 3.851923331618309,
        "pesq_imp": 1.6210901567339897
    },
    "group_5": {
        "input_si_sdr": 10.683413608446717,
        "si_sdr": 22.30569483757019,
        "si_sdr_imp": 11.622281229123473,
        "input_sar": 10.80514240871377,
        "sar": 22.697409618876556,
        "sar_imp": 11.892267210162785,
        "input_sir": Infinity,
        "sir": Infinity,
        "sir_imp": NaN,
        "input_stoi": 0.886958179105709,
        "stoi": 0.9812228701817318,
        "stoi_imp": 0.0942646910760228,
        "input_pesq": 2.2665754359960557,
        "pesq": 3.8983130061626436,
        "pesq_imp": 1.631737570166588
    },
    "group_6": {
        "input_si_sdr": 10.369260259345173,
        "si_sdr": 22.68001224756241,
        "si_sdr_imp": 12.310751988217234,
        "input_sar": 10.492229048362255,
        "sar": 23.052810907890557,
        "sar_imp": 12.560581859528297,
        "input_sir": Infinity,
        "sir": Infinity,
        "sir_imp": NaN,
        "input_stoi": 0.8815587429790233,
        "stoi": 0.9815498406452846,
        "stoi_imp": 0.09999109766626134,
        "input_pesq": 2.227036011219025,
        "pesq": 3.945464904308319,
        "pesq_imp": 1.7184288930892944
    },
    "group_7": {
        "input_si_sdr": 10.162233666032552,
        "si_sdr": 22.698699674606324,
        "si_sdr_imp": 12.53646600857377,
        "input_sar": 10.293426515592506,
        "sar": 23.096800359348745,
        "sar_imp": 12.80337384375624,
        "input_sir": Infinity,
        "sir": Infinity,
        "sir_imp": NaN,
        "input_stoi": 0.877677024687679,
        "stoi": 0.9795743535456586,
        "stoi_imp": 0.10189732885797952,
        "input_pesq": 2.2126760867238047,
        "pesq": 3.9706211110949514,
        "pesq_imp": 1.7579450243711472
    },
    "group_8": {
        "input_si_sdr": 9.821542593427003,
        "si_sdr": 22.62783475399017,
        "si_sdr_imp": 12.80629216056317,
        "input_sar": 9.959415594170293,
        "sar": 23.03582679190905,
        "sar_imp": 13.076411197738748,
        "input_sir": Infinity,
        "sir": Infinity,
        "sir_imp": NaN,
        "input_stoi": 0.8769330431092405,
        "stoi": 0.9843760210668248,
        "stoi_imp": 0.1074429779575843,
        "input_pesq": 2.189517496228218,
        "pesq": 4.0263184130191805,
        "pesq_imp": 1.8368009167909622
    },
    "group_9": {
        "input_si_sdr": 9.861272389739751,
        "si_sdr": 22.809223499298096,
        "si_sdr_imp": 12.947951109558344,
        "input_sar": 9.987255252509545,
        "sar": 23.275092742241167,
        "sar_imp": 13.287837489731624,
        "input_sir": Infinity,
        "sir": Infinity,
        "sir_imp": NaN,
        "input_stoi": 0.8744381269894066,
        "stoi": 0.9794358822868503,
        "stoi_imp": 0.10499775529744362,
        "input_pesq": 2.1868964296579363,
        "pesq": 4.056957640349865,
        "pesq_imp": 1.8700612106919288
    },
    "group_10": {
        "input_si_sdr": 9.46421158965677,
        "si_sdr": 22.850199365615843,
        "si_sdr_imp": 13.385987775959075,
        "input_sar": 9.597131497646734,
        "sar": 23.291815127615585,
        "sar_imp": 13.694683629968853,
        "input_sir": Infinity,
        "sir": Infinity,
        "sir_imp": NaN,
        "input_stoi": 0.8704958988241157,
        "stoi": 0.9811466378747419,
        "stoi_imp": 0.11065073905062625,
        "input_pesq": 2.163855233192444,
        "pesq": 4.079059728980065,
        "pesq_imp": 1.9152044957876206
    },
    "group_11": {
        "input_si_sdr": 9.38337563201785,
        "si_sdr": 22.23200933933258,
        "si_sdr_imp": 12.848633707314729,
        "input_sar": 9.52404784368345,
        "sar": 22.73735755067896,
        "sar_imp": 13.213309706995512,
        "input_sir": Infinity,
        "sir": Infinity,
        "sir_imp": NaN,
        "input_stoi": 0.8667652918511592,
        "stoi": 0.9768672053012943,
        "stoi_imp": 0.110101913450135,
        "input_pesq": 2.1474624913930893,
        "pesq": 3.962686487734318,
        "pesq_imp": 1.8152239963412284
    },
    "group_12": {
        "input_si_sdr": 8.99662331847474,
        "si_sdr": 21.681880902647972,
        "si_sdr_imp": 12.685257584173232,
        "input_sar": 9.13255901430165,
        "sar": 22.12237892391513,
        "sar_imp": 12.989819909613484,
        "input_sir": Infinity,
        "sir": Infinity,
        "sir_imp": NaN,
        "input_stoi": 0.8634232911315379,
        "stoi": 0.9775029156997772,
        "stoi_imp": 0.11407962456823921,
        "input_pesq": 2.1214072984457015,
        "pesq": 3.8809608736634256,
        "pesq_imp": 1.7595535752177238
    },
    "group_13": {
        "input_si_sdr": 8.800199722871184,
        "si_sdr": 21.34675634384155,
        "si_sdr_imp": 12.54655662097037,
        "input_sar": 8.934799957768615,
        "sar": 21.887928589450567,
        "sar_imp": 12.953128631681952,
        "input_sir": Infinity,
        "sir": Infinity,
        "sir_imp": NaN,
        "input_stoi": 0.8586651240680634,
        "stoi": 0.971757464524099,
        "stoi_imp": 0.11309234045603561,
        "input_pesq": 2.1063443350791933,
        "pesq": 3.82570072889328,
        "pesq_imp": 1.719356393814087
    },
    "group_14": {
        "input_si_sdr": 8.769992479905486,
        "si_sdr": 21.260798976421356,
        "si_sdr_imp": 12.49080649651587,
        "input_sar": 8.904972599720201,
        "sar": 21.752140514831773,
        "sar_imp": 12.84716791511157,
        "input_sir": Infinity,
        "sir": Infinity,
        "sir_imp": NaN,
        "input_stoi": 0.8645520648494167,
        "stoi": 0.9750929683394278,
        "stoi_imp": 0.11054090349001118,
        "input_pesq": 2.12191897213459,
        "pesq": 3.8140264841914178,