{
    "group_1": {
        "input_si_sdr": -0.6703738887701184,
        "si_sdr": 15.158381071090698,
        "si_sdr_imp": 15.828754959860817,
        "input_sar": 0.13671093725969868,
        "sar": 15.838530236839864,
        "sar_imp": 15.701819299580166,
        "input_sir": Infinity,
        "sir": Infinity,
        "sir_imp": NaN,
        "input_stoi": 0.6996552702127343,
        "stoi": 0.9435005211491237,
        "stoi_imp": 0.24384525093638948,
        "input_pesq": 1.5552058777213096,
        "pesq": 3.2149189960956575,
        "pesq_imp": 1.6597131183743477
    },
    "group_2": {
        "input_si_sdr": -0.5896110568279983,
        "si_sdr": 15.182519104480743,
        "si_sdr_imp": 15.772130161308741,
        "input_sar": 0.25111795349564564,
        "sar": 15.8536204110753,
        "sar_imp": 15.602502457579652,
        "input_sir": Infinity,
        "sir": Infinity,
        "sir_imp": NaN,
        "input_stoi": 0.7022337082227855,
        "stoi": 0.9406064323211489,
        "stoi_imp": 0.2383727240983636,
        "input_pesq": 1.5635562658309936,
        "pesq": 3.208151240348816,
        "pesq_imp": 1.6445949745178223
    },
    "group_3": {
        "input_si_sdr": -0.3683937587845139,
        "si_sdr": 15.427207169532776,
        "si_sdr_imp": 15.79560092831729,
        "input_sar": 0.45256771282273006,
        "sar": 16.037170679303824,
        "sar_imp": 15.584602966481095,
        "input_sir": Infinity,
        "sir": Infinity,
        "sir_imp": NaN,
        "input_stoi": 0.7059262759430603,
        "stoi": 0.9476439653158928,
        "stoi_imp": 0.2417176893728325,
        "input_pesq": 1.5670753085613252,
        "pesq": 3.2454121828079225,
        "pesq_imp": 1.6783368742465974
    },
    "group_4": {
        "input_si_sdr": -0.7488119879271835,
        "si_sdr": 15.188694863319396,
        "si_sdr_imp": 15.93750685124658,
        "input_sar": 0.0634804771022338,
        "sar": 15.81340684399427,
        "sar_imp": 15.749926366892037,
        "input_sir": Infinity,
        "sir": Infinity,
        "sir_imp": NaN,
        "input_stoi": 0.6960756444554107,
        "stoi": 0.9449761818196061,
        "stoi_imp": 0.24890053736419532,
        "input_pesq": 1.534929606616497,
        "pesq": 3.1831212639808655,
        "pesq_imp": 1.6481916573643685
    },
    "group_5": {
        "input_si_sdr": -0.5450701061077416,
        "si_sdr": 15.05736834526062,
        "si_sdr_imp": 15.602438451368362,
        "input_sar": 0.24011936722669097,
        "sar": 15.67549472399057,
        "sar_imp": 15.43537535676388,
        "input_sir": Infinity,
        "sir": Infinity,
        "sir_imp": NaN,
        "input_stoi": 0.7042270698310685,
        "stoi": 0.944537135465132,
        "stoi_imp": 0.24031006563406357,
        "input_pesq": 1.583607686161995,
        "pesq": 3.1513406437635423,
        "pesq_imp": 1.5677329576015473
    },
    "group_6": {
        "input_si_sdr": -0.5039554407005198,
        "si_sdr": 14.997747203111649,
        "si_sdr_imp": 15.501702643812168,
        "input_sar": 0.2746652564205662,
        "sar": 15.585036290002302,
        "sar_imp": 15.310371033581733,
        "input_sir": Infinity,
        "sir": Infinity,
        "sir_imp": NaN,
        "input_stoi": 0.7011284887548331,
        "stoi": 0.9396922578324249,
        "stoi_imp": 0.23856376907759191,
        "input_pesq": 1.5672345796227456,
        "pesq": 3.0823569402098654,
        "pesq_imp": 1.51512236058712
    },
    "group_7": {
        "input_si_sdr": -0.6172512181499041,
        "si_sdr": 14.743473119735718,
        "si_sdr_imp": 15.360724337885621,
        "input_sar": 0.17312353536599262,
        "sar": 15.370035502082601,
        "sar_imp": 15.19691196671661,
        "input_sir": Infinity,
        "sir": Infinity,
        "sir_imp": NaN,
        "input_stoi": 0.702900435006437,
        "stoi": 0.9360914343205704,
        "stoi_imp": 0.23319099931413362,
        "input_pesq": 1.5728334918618203,
        "pesq": 3.047022408545017,
        "pesq_imp": 1.474188916683197
    },
    "group_8": {
        "input_si_sdr": -0.44549313592724504,
        "si_sdr": 14.432385120391846,
        "si_sdr_imp": 14.877878256319091,
        "input_sar": 0.4170410538379998,
        "sar": 15.106019420457084,
        "sar_imp": 14.688978366619086,
        "input_sir": Infinity,
        "sir": Infinity,
        "sir_imp": NaN,
        "input_stoi": 0.7039800111449928,
        "stoi": 0.9377638615095896,
        "stoi_imp": 0.23378385036459678,
        "input_pesq": 1.5775053083896637,
        "pesq": 3.064268848001957,
        "pesq_imp": 1.4867635396122933
    },
    "group_9": {
        "input_si_sdr": -0.3734714499101392,
        "si_sdr": 14.964868314266205,
        "si_sdr_imp": 15.338339764176345,
        "input_sar": 0.47961951916109946,
        "sar": 15.600423440761885,
        "sar_imp": 15.120803921600787,
        "input_sir": Infinity,
        "sir": Infinity,
        "sir_imp": NaN,
        "input_stoi": 0.7079486907565261,
        "stoi": 0.9412167934057938,
        "stoi_imp": 0.2332681026492677,
        "input_pesq": 1.573991333246231,
        "pesq": 3.1188797160983084,
        "pesq_imp": 1.5448883828520774
    },
    "group_10": {
        "input_si_sdr": -0.5531549992784858,
        "si_sdr": 15.136535632610322,
        "si_sdr_imp": 15.689690631888807,
        "input_sar": 0.2761186108416423,
        "sar": 15.765131427003075,
        "sar_imp": 15.48901281616143,
        "input_sir": Infinity,
        "sir": Infinity,
        "sir_imp": NaN,
        "input_stoi": 0.7027853479894737,
        "stoi": 0.9430373971189857,
        "stoi_imp": 0.24025204912951217,
        "input_pesq": 1.5704100543260575,
        "pesq": 3.1643355357646943,
        "pesq_imp": 1.5939254814386368
    },
    "group_11": {
        "input_si_sdr": -0.4760883859184105,
        "si_sdr": 15.538901737928391,
        "si_sdr_imp": 16.0149901238468,
        "input_sar": 0.37993732965388427,
        "sar": 16.19863681229788,
        "sar_imp": 15.818699482643995,
        "input_sir": Infinity,
        "sir": Infinity,
        "sir_imp": NaN,
        "input_stoi": 0.7088067879087057,
        "stoi": 0.945795831057917,
        "stoi_imp": 0.23698904314921118,
        "input_pesq": 1.5625698530673982,
        "pesq": 3.2397112503647802,
        "pesq_imp": 1.6771413972973823
    },
    "group_12": {
        "input_si_sdr": -0.7116557662980632,
        "si_sdr": 15.203932120800019,
        "si_sdr_imp": 15.91558788709808,
        "input_sar": 0.1388488154982714,
        "sar": 15.840252604554383,
        "sar_imp": 15.701403789056112,
        "input_sir": Infinity,
        "sir": Infinity,
        "sir_imp": NaN,
        "input_stoi": 0.7010184045784442,
        "stoi": 0.9465487985587461,
        "stoi_imp": 0.2455303939803018,
        "input_pesq": 1.5685575646162033,
        "pesq": 3.251618084907532,
        "pesq_imp": 1.6830605202913285
    },
    "group_13": {
        "input_si_sdr": -0.3933167211525142,
        "si_sdr": 15.855035623311997,
        "si_sdr_imp": 16.24835234446451,
        "input_sar": 0.4118427598345839,
        "sar": 16.459691504260817,
        "sar_imp": 16.047848744426233,
        "input_sir": Infinity,
        "sir": Infinity,
        "sir_imp": NaN,
        "input_stoi": 0.7041624719988868,
        "stoi": 0.9507677237566773,
        "stoi_imp": 0.24660525175779058,
        "input_pesq": 1.5709868139028549,
        "pesq": 3.3141996401548384,
        "pesq_imp": 1.7432128262519837
    },
    "group_14": {
        "input_si_sdr": -0.5189862876757979,
        "si_sdr": 15.64806794166565,
        "si_sdr_imp": 16.167054229341446,
        "input_sar": 0.28275820874129365,
        "sar": 16.275112595541756,
        "sar_imp": 15.992354386800464,
        "input_sir": Infinity,
        "sir": Infinity,
        "sir_imp": NaN,
        "input_stoi": 0.7073735312067712,
        "stoi": 0.9520365812340169,
        "stoi_imp": 0.2446630500272458,